source,scraped_at,url,sku,title,price,currency,vehicle,condition,make,model,version,year_fabrication,year_model,odometer_km,transmission,body_type,color,doors,engine_litres,engine_cc,horsepower_cv,traction,armored,attributes,fipe_pct,good_deal,photo_count,image_url,auction,seller_id,seller_type,seller_kind,seller_name,city,state,page,position,mode,sort,data_source
webmotors.com.br,2026-09-28T09:36:37.696284+00:00,https://www.webmotors.com.br/comprar/volkswagen/gol/16-mi-city-8v-flex-4p-manual/4-portas/2013-2014/74012141,74012141,VOLKSWAGEN GOL 1.6 MI CITY 8V FLEX 4P MANUAL,35900.0,BRL,car,used,VOLKSWAGEN,GOL,1.6 MI CITY 8V FLEX 4P MANUAL,2013,2014,173000,Manual,Hatchback,Preto,4,,,104,,False,Aceita troca | IPVA pago | Licenciado,94,True,8,https://image.webmotors.com.br/_fotos/anunciousados/gigante/2026/202609/20260909/volkswagengol16micity8vflex4pmanual-WMIMAGEM02084334576.jpg,False,25976253,private,Pessoa Física,,São Paulo,SP,1,1,search,relevance,api-search
webmotors.com.br,2026-09-28T09:36:37.696371+00:00,https://www.webmotors.com.br/comprar/volkswagen/gol/10-mi-8v-flex-4p-manual-gv/4-portas/2010-2011/79374446,79374446,VOLKSWAGEN GOL 1.0 MI 8V FLEX 4P MANUAL G.V,25649.0,BRL,car,used,VOLKSWAGEN,GOL,1.0 MI 8V FLEX 4P MANUAL G.V,2010,2011,197000,Manual,Hatchback,Preto,4,,,72,,False,Aceita troca | Único dono | IPVA pago | Licenciado,99,True,8,https://image.webmotors.com.br/_fotos/anunciousados/gigante/2026/202609/20260913/volkswagengol10mi8vflex4pmanualgv-WMIMAGEM21585017417.jpg,False,33063133,private,Pessoa Física,,Manaus,AM,1,2,search,relevance,api-search
webmotors.com.br,2026-09-28T09:36:37.696428+00:00,https://www.webmotors.com.br/comprar/volkswagen/gol/16-mi-trendline-8v-flex-4p-manual/4-portas/2014-2015/79692776,79692776,VOLKSWAGEN GOL 1.6 MI TRENDLINE 8V FLEX 4P MANUAL,39990.0,BRL,car,used,VOLKSWAGEN,GOL,1.6 MI TRENDLINE 8V FLEX 4P MANUAL,2014,2015,200000,Manual,Hatchback,Branco,4,,,104,Dianteira,False,Aceita troca,96,True,4,https://image.webmotors.com.br/_fotos/anunciousados/gigante/2026/202609/20260917/volkswagengol16mitrendline8vflex4pmanual-WMIMAGEM16092298037.jpg,False,19596844,private,Pessoa Física,,Rio de Janeiro,RJ,1,3,search,relevance,api-search
webmotors.com.br,2026-09-28T09:36:37.696484+00:00,https://www.webmotors.com.br/comprar/volkswagen/gol/10-12v-mpi-totalflex-4p-manual/4-portas/2022-2023/69474521,69474521,VOLKSWAGEN GOL 1.0 12V MPI TOTALFLEX 4P MANUAL,58700.0,BRL,car,used,VOLKSWAGEN,GOL,1.0 12V MPI TOTALFLEX 4P MANUAL,2022,2023,69583,Manual,Hatchback,Branco,4,1.0,,84,Dianteira,False,Aceita troca | IPVA pago,107,False,8,https://image.webmotors.com.br/_fotos/anunciousados/gigante/2026/202605/20260515/volkswagen-gol-1.0-12v-mpi-totalflex-4p-manual-wmimagem02350470939.jpg,False,3962585,dealer,Concessionária,Seminovos Movida São Bernardo do Campo,São Bernardo do Campo,SP,1,4,search,relevance,api-search
webmotors.com.br,2026-09-28T09:36:37.696550+00:00,https://www.webmotors.com.br/comprar/volkswagen/gol/10-12v-mpi-totalflex-last-edition-4p-manual/4-portas/2022-2023/74242354,74242354,VOLKSWAGEN GOL 1.0 12V MPI TOTALFLEX LAST EDITION 4P MANUAL,92990.0,BRL,car,used,VOLKSWAGEN,GOL,1.0 12V MPI TOTALFLEX LAST EDITION 4P MANUAL,2022,2023,10198,Manual,Hatchback,Vermelho,4,1.0,,84,Dianteira,False,Aceita troca,92,True,16,https://image.webmotors.com.br/_fotos/anunciousados/gigante/2026/202608/20260813/volkswagen-gol-1.0-12v-mpi-totalflex-last-edition-4p-manual-wmimagem1241564213.jpg,False,3824568,dealer,Concessionária,Balilla Fiat Indaiatuba,Indaiatuba,SP,1,5,search,relevance,api-search
webmotors.com.br,2026-09-28T09:36:37.696603+00:00,https://www.webmotors.com.br/comprar/volkswagen/gol/10-12v-mpi-totalflex-4p-manual/4-portas/2021-2022/80384495,80384495,VOLKSWAGEN GOL 1.0 12V MPI TOTALFLEX 4P MANUAL,47800.0,BRL,car,used,VOLKSWAGEN,GOL,1.0 12V MPI TOTALFLEX 4P MANUAL,2021,2022,65000,Manual,Hatchback,Preto,4,1.0,,84,Dianteira,False,Aceita troca | Único dono | IPVA pago | Licenciado,94,True,5,https://image.webmotors.com.br/_fotos/anunciousados/gigante/2026/202609/20260927/volkswagengol1012vmpitotalflex4pmanual-WMIMAGEM11115276610.jpg,False,18613277,private,Pessoa Física,,Rio de Janeiro,RJ,1,6,search,relevance,api-search
webmotors.com.br,2026-09-28T09:36:37.696653+00:00,https://www.webmotors.com.br/comprar/volkswagen/gol/10-mi-8v-flex-4p-manual-gv/4-portas/2013-2014/79158515,79158515,VOLKSWAGEN GOL 1.0 MI 8V FLEX 4P MANUAL G.V,36900.0,BRL,car,used,VOLKSWAGEN,GOL,1.0 MI 8V FLEX 4P MANUAL G.V,2013,2014,115000,Manual,Hatchback,Branco,4,,,76,Dianteira,False,Aceita troca | IPVA pago | Licenciado,111,False,5,https://image.webmotors.com.br/_fotos/anunciousados/gigante/2026/202609/20260909/volkswagengol10mi8vflex4pmanualgv-WMIMAGEM09064097246.jpg,False,18391352,private,Pessoa Física,,São José do Rio Preto,SP,1,7,search,relevance,api-search
webmotors.com.br,2026-09-28T09:36:37.696699+00:00,https://www.webmotors.com.br/comprar/volkswagen/gol/16-ls-8v-gasolina-2p-manual/2-portas/1983/79931498,79931498,VOLKSWAGEN GOL 1.6 LS 8V GASOLINA 2P MANUAL,35000.0,BRL,car,used,VOLKSWAGEN,GOL,1.6 LS 8V GASOLINA 2P MANUAL,1983,1983,149000,Manual,Hatchback,Cinza,2,,,,,False,Aceita troca | IPVA pago | Licenciado,,False,7,https://image.webmotors.com.br/_fotos/anunciousados/gigante/2026/202609/20260921/volkswagengol16ls8vgasolina2pmanual-WMIMAGEM07260635830.jpg,False,28821693,private,Pessoa Física,,Salvador,BA,1,8,search,relevance,api-search
webmotors.com.br,2026-09-28T09:36:37.696751+00:00,https://www.webmotors.com.br/comprar/volkswagen/gol/10-12v-mpi-totalflex-last-edition-4p-manual/4-portas/2022-2023/78268453,78268453,VOLKSWAGEN GOL 1.0 12V MPI TOTALFLEX LAST EDITION 4P MANUAL,109900.0,BRL,car,used,VOLKSWAGEN,GOL,1.0 12V MPI TOTALFLEX LAST EDITION 4P MANUAL,2022,2023,200,Manual,Hatchback,Vermelho,4,1.0,,84,Dianteira,False,Aceita troca | Único dono | IPVA pago | Garantia de fábrica,109,False,20,https://image.webmotors.com.br/_fotos/anunciousados/gigante/2026/202608/20260821/volkswagen-gol-1.0-12v-mpi-totalflex-last-edition-4p-manual-wmimagem12110199454.jpg,False,3952924,dealer,Loja,RR MOTORS,Colombo,PR,1,9,search,relevance,api-search
webmotors.com.br,2026-09-28T09:36:37.696798+00:00,https://www.webmotors.com.br/comprar/volkswagen/gol/16-cl-8v-gasolina-2p-manual/2-portas/1994/79242583,79242583,VOLKSWAGEN GOL 1.6 CL 8V GASOLINA 2P MANUAL,19000.0,BRL,car,used,VOLKSWAGEN,GOL,1.6 CL 8V GASOLINA 2P MANUAL,1994,1994,539050,Manual,Hatchback,Prata,2,,,,,False,Aceita troca | IPVA pago | Licenciado,131,False,8,https://image.webmotors.com.br/_fotos/anunciousados/gigante/2026/202609/20260910/volkswagengol16cl8vgasolina2pmanual-WMIMAGEM13080383981.jpg,False,27990976,private,Pessoa Física,,Belo Horizonte,MG,1,10,search,relevance,api-search
webmotors.com.br,2026-09-28T09:36:37.696844+00:00,https://www.webmotors.com.br/comprar/volkswagen/gol/10-mi-8v-flex-4p-manual-giv/4-portas/2012-2013/79321505,79321505,VOLKSWAGEN GOL 1.0 MI 8V FLEX 4P MANUAL G.IV,30524.0,BRL,car,used,VOLKSWAGEN,GOL,1.0 MI 8V FLEX 4P MANUAL G.IV,2012,2013,189000,Manual,Hatchback,Prata,4,,,71,Dianteira,False,Aceita troca | IPVA pago,100,False,7,https://image.webmotors.com.br/_fotos/anunciousados/gigante/2026/202609/20260911/volkswagengol10mi8vflex4pmanualgiv-WMIMAGEM17293577473.jpg,False,32290497,private,Pessoa Física,,Bertioga,SP,1,11,search,relevance,api-search
webmotors.com.br,2026-09-28T09:36:37.696889+00:00,https://www.webmotors.com.br/comprar/volkswagen/gol/18-cl-8v-gasolina-2p-manual/2-portas/1996/79979961,79979961,VOLKSWAGEN GOL 1.8 CL 8V GASOLINA 2P MANUAL,21388.0,BRL,car,used,VOLKSWAGEN,GOL,1.8 CL 8V GASOLINA 2P MANUAL,1996,1996,140000,Manual,Hatchback,Verde,2,,,,,False,Aceita troca,154,False,7,https://image.webmotors.com.br/_fotos/anunciousados/gigante/2026/202609/20260922/volkswagengol18cl8vgasolina2pmanual-WMIMAGEM00445372676.jpg,False,31436678,private,Pessoa Física,,Santo André,SP,1,12,search,relevance,api-search
